SB279407424	Escherichia coli
SB2710196307	Escherichia coli
SB2710442273	Escherichia coli
SB2710441940	Escherichia coli
SB2711674113	Escherichia coli
SRR7724602	Escherichia coli
SB278790581	Escherichia coli
SB279406835	Escherichia coli
SB278790716	Escherichia coli
SB278790671	Escherichia coli
SRR8375460	Escherichia coli
SB279406446	Escherichia coli
SB2710442632	Escherichia coli
SB2710441374	Escherichia coli
SB278790506	Escherichia coli
SB2710445736	Escherichia coli
SB2710442289	Escherichia coli
SB278791272	Escherichia coli
SB2711673303	Escherichia coli
SB2710445746	Escherichia coli
SB2710445724	Escherichia coli
SB2711673285	Escherichia coli
SB2710445683	Escherichia coli
SB279406850	Escherichia coli
SB2710445605	Escherichia coli
SB279406985	Escherichia coli
SB2711674250	Escherichia coli
SB279408719	Escherichia coli
SB2710441502	Escherichia coli
SB2711673837	Escherichia coli
SB279408790	Escherichia coli
SB2710196087	Escherichia coli
SB278790595	Escherichia coli
SB278791481	Escherichia coli
SB277889740	Escherichia coli
SB279406392	Escherichia coli
SB279407334	Escherichia coli
SB279407971	Escherichia coli
SB278791398	Escherichia coli
SB2710446120	Escherichia coli
SB279406570	Escherichia coli
SB279408828	Escherichia coli
SB2710445483	Escherichia coli
SB279408274	Escherichia coli
SB278790485	Escherichia coli
SB279406697	Escherichia coli
SB2711673480	Escherichia coli
SB2711673598	Escherichia coli
SB2711673127	Escherichia coli
SB2710445752	Escherichia coli
SB2711673583	Escherichia coli
SB2710445958	Escherichia coli
SB278790924	Escherichia coli
SB2710441405	Escherichia coli
SRR14138362	Escherichia coli
SB279408824	Escherichia coli
SB278791082	Escherichia coli
SB278344463	Escherichia coli
SB2710441862	Escherichia coli
SB2710446002	Escherichia coli
SB279406726	Escherichia coli
SB2710446106	Escherichia coli
SB2710445657	Escherichia coli
SB2711673543	Escherichia coli
SB279407793	Escherichia coli
SB279407972	Escherichia coli
SB279406582	Escherichia coli
SB2711673595	Escherichia coli
SB2710442436	Escherichia coli
SB2710445988	Escherichia coli
SB278791104	Escherichia coli
SB2710445440	Escherichia coli
SB2710442039	Escherichia coli
SB278790672	Escherichia coli
SB2710441407	Escherichia coli
SB2710442457	Escherichia coli
SB2710442212	Escherichia coli
SB2710445956	Escherichia coli
SB2710445195	Escherichia coli
SB2711674209	Escherichia coli
SB278791818	Escherichia coli
SB2711673671	Escherichia coli
SB279407835	Escherichia coli
SB279406453	Escherichia coli
SB2711672618	Escherichia coli
SB279406503	Escherichia coli
SB2710441981	Escherichia coli
SB279407956	Escherichia coli
SB2711672535	Escherichia coli
SB278791391	Escherichia coli
SB2710445447	Escherichia coli
SB279406390	Escherichia coli
SB279407131	Escherichia coli
SB278790288	Escherichia coli
SB2710445891	Escherichia coli
SB2710446025	Escherichia coli
SB2710442082	Escherichia coli
SB279408897	Escherichia coli
SB2711673603	Escherichia coli
SB278790853	Escherichia coli
SB2710442260	Escherichia coli
SB2710441408	Escherichia coli
SB2710445160	Escherichia coli
SB2710443037	Escherichia coli
SB2710442993	Escherichia coli
SB278790791	Escherichia coli
SB279406722	Escherichia coli
SB2710445755	Escherichia coli
SB278791468	Escherichia coli
SB278790269	Escherichia coli
SB2710442996	Escherichia coli
SRR14138343	Escherichia coli
SB277889384	Escherichia coli
SB279406677	Escherichia coli
SB2710196306	Escherichia coli
SB278791828	Escherichia coli
SB2710441392	Escherichia coli
SB279407892	Escherichia coli
SB2710445946	Escherichia coli
SB2711673918	Escherichia coli
SB278791205	Escherichia coli
SB279407097	Escherichia coli
SB278344737	Escherichia coli
SB2710442675	Escherichia coli
SB279408351	Escherichia coli
SB278791702	Escherichia coli
SB2710196109	Escherichia coli
SB278790646	Escherichia coli
SB278344609	Escherichia coli
SB278790317	Escherichia coli
SB2710445992	Escherichia coli
SB279406829	Escherichia coli
SB2711673579	Escherichia coli
SB278345007	Escherichia coli
SB2711673865	Escherichia coli
SB2710445996	Escherichia coli
SB2710196100	Escherichia coli
SB279408547	Escherichia coli
SB278791528	Escherichia coli
SB278790423	Escherichia coli
SB279408509	Escherichia coli
SB278791410	Escherichia coli
SB279408750	Escherichia coli
SB278790613	Escherichia coli
SB279408718	Escherichia coli
SB2710442294	Escherichia coli
SB279406839	Escherichia coli
SB2711673110	Escherichia coli
SB2710441944	Escherichia coli
SB2710446022	Escherichia coli
SB2711672741	Escherichia coli
SB278344719	Escherichia coli
SB2710441938	Escherichia coli
SB2710196343	Escherichia coli
SB2711673641	Escherichia coli
SB2710441925	Escherichia coli
SB279406776	Escherichia coli
SB2710196298	Escherichia coli
SB278790425	Escherichia coli
SB279408510	Escherichia coli
SB2710196322	Escherichia coli
SB2710196136	Escherichia coli
SRR11550944	Escherichia coli
SB2710445332	Escherichia coli
SB2710442298	Escherichia coli
SB2710442297	Escherichia coli
SB2711673885	Escherichia coli
SB278790273	Escherichia coli
SRR7026302	Escherichia coli
SB2710196354	Escherichia coli
SB278344612	Escherichia coli
SB2710441844	Escherichia coli
SB279408848	Escherichia coli
SB279408357	Escherichia coli
SB278790350	Escherichia coli
SB2710445514	Escherichia coli
SB278790567	Escherichia coli
SB277889487	Escherichia coli
SB2711673590	Escherichia coli
SB2711673444	Escherichia coli
SB2710445811	Escherichia coli
SB2710445974	Escherichia coli
SB278791437	Escherichia coli
SB2710196324	Escherichia coli
SB2711672751	Escherichia coli
SB2711672851	Escherichia coli
SB2711672762	Escherichia coli
SB279407221	Escherichia coli
SB2711672575	Escherichia coli
SB2710446104	Escherichia coli
SB2710441997	Escherichia coli
SB2710441850	Escherichia coli
SB2711672609	Escherichia coli
SB278791088	Escherichia coli
SB2710196320	Escherichia coli
SB2711673181	Escherichia coli
SB2710441395	Escherichia coli
SB2711673326	Escherichia coli
SB2711672570	Escherichia coli
SB279407236	Escherichia coli
SB278344748	Escherichia coli
SB2711672579	Escherichia coli
SB2710442605	Escherichia coli
SB279407999	Escherichia coli
SRR13131697	Escherichia coli
SB2710445725	Escherichia coli
SB278790290	Escherichia coli
SB279406409	Escherichia coli
SB279406942	Escherichia coli
SB279406862	Escherichia coli
SB278791342	Escherichia coli
SB278790587	Escherichia coli
SRR12206245	Escherichia coli
SB2711673796	Escherichia coli
SB279408512	Escherichia coli
SB278790776	Escherichia coli
SB2710441334	Escherichia coli
SB2711672558	Escherichia coli
SB279408306	Escherichia coli
SB278344788	Escherichia coli
SB279408369	Escherichia coli
SB2710445491	Escherichia coli
SB2710446107	Escherichia coli
SB2711673636	Escherichia coli
SB279407118	Escherichia coli
SB279408804	Escherichia coli
SB279408341	Escherichia coli
SB279407225	Escherichia coli
SB278344554	Escherichia coli
SB2710441377	Escherichia coli
SB2710442596	Escherichia coli
SB278791075	Escherichia coli
SB279408716	Escherichia coli
SB279407093	Escherichia coli
SB2711673946	Escherichia coli
SB279408450	Escherichia coli
SB2711673137	Escherichia coli
SB2710196311	Escherichia coli
SB278344754	Escherichia coli
SB278791831	Escherichia coli
SB279407979	Escherichia coli
SB2710442314	Escherichia coli
SB2710441941	Escherichia coli
SB278344713	Escherichia coli
SB2711673195	Escherichia coli
SB2710196290	Escherichia coli
SB2710445438	Escherichia coli
SB2710442431	Escherichia coli
SB2710442295	Escherichia coli
SB279406786	Escherichia coli
SB2710445844	Escherichia coli
SB278790487	Escherichia coli
SB279408562	Escherichia coli
SB2710445607	Escherichia coli
SB2710446010	Escherichia coli
SB279407240	Escherichia coli
SB2711673619	Escherichia coli
SB2710445673	Escherichia coli
SB2710441338	Escherichia coli
SB279407227	Escherichia coli
SB279406680	Escherichia coli
SB2711672801	Escherichia coli
SB2711673874	Escherichia coli
SB2710441839	Escherichia coli
SB2711673390	Escherichia coli
SB2710445495	Escherichia coli
SB2710445638	Escherichia coli
SB2710446091	Escherichia coli
SB2711673860	Escherichia coli
SB278791460	Escherichia coli
SB2710445694	Escherichia coli
SB2710441826	Escherichia coli
SB2711673835	Escherichia coli
SB278790717	Escherichia coli
SB2711672548	Escherichia coli
SB2710443029	Escherichia coli
SB2710441409	Escherichia coli
SB278791465	Escherichia coli
SB278791231	Escherichia coli
SB278790396	Escherichia coli
SB2710442264	Escherichia coli
SB2711673130	Escherichia coli
SB279407588	Escherichia coli
SB2711672805	Escherichia coli
SB2710442670	Escherichia coli
SB278790494	Escherichia coli
SB278790322	Escherichia coli
SB279408480	Escherichia coli
SB279408468	Escherichia coli
SB278790217	Escherichia coli
SB277889415	Escherichia coli
SB2711673125	Escherichia coli
SB278790715	Escherichia coli
SB277890121	Escherichia coli
SB2710441833	Escherichia coli
SRR7026307	Escherichia coli
SB2711672804	Escherichia coli
SB2710441452	Escherichia coli
SB279407260	Escherichia coli
SRR10310420	Escherichia coli
SB278791521	Escherichia coli
SB279407429	Escherichia coli
SB2710445860	Escherichia coli
SB279407296	Escherichia coli
SB278790326	Escherichia coli
SB2710196302	Escherichia coli
SB279407363	Escherichia coli
SB2710441335	Escherichia coli
SB279406902	Escherichia coli
SRR13131703	Escherichia coli
SB2711673669	Escherichia coli
SB277889922	Escherichia coli
SB278790856	Escherichia coli
SB2710441382	Escherichia coli
SRR14138280	Escherichia coli
SB278791049	Escherichia coli
SB2710442664	Escherichia coli
SB2710441383	Escherichia coli
SB2710441494	Escherichia coli
SB278790760	Escherichia coli
SB279406733	Escherichia coli
SB278791763	Escherichia coli
SB279407863	Escherichia coli
SB279408312	Escherichia coli
SB278791620	Escherichia coli
SB2710442315	Escherichia coli
SB2710445959	Escherichia coli
SB2710445846	Escherichia coli
SB278791448	Escherichia coli
SB2710441857	Escherichia coli
SB279406807	Escherichia coli
SB279407150	Escherichia coli
SB2711673654	Escherichia coli
SB279407908	Escherichia coli
SB279408386	Escherichia coli
SB278344709	Escherichia coli
SB279406983	Escherichia coli
SB2711674035	Escherichia coli
SB279407755	Escherichia coli
SB2710441617	Escherichia coli
SB278344478	Escherichia coli
SB2710445578	Escherichia coli
SB2710441333	Escherichia coli
SB2710445590	Escherichia coli
SB2710441419	Escherichia coli
SB2710445726	Escherichia coli
SB2710445864	Escherichia coli
SRR13131704	Escherichia coli
SB279406926	Escherichia coli
SB2711673644	Escherichia coli
SB278791274	Escherichia coli
SB279408281	Escherichia coli
SB279406876	Escherichia coli
SB278791094	Escherichia coli
SB2710442010	Escherichia coli
SB279407772	Escherichia coli
SB2710445852	Escherichia coli
SB279408399	Escherichia coli
SB279408534	Escherichia coli
SB2710445713	Escherichia coli
SB2711673199	Escherichia coli
SB2710196301	Escherichia coli
SB278791501	Escherichia coli
SB2711673896	Escherichia coli
SB278791672	Escherichia coli
SB2711673602	Escherichia coli
SB279406911	Escherichia coli
SB278790486	Escherichia coli
SB2710441999	Escherichia coli
SB2711673295	Escherichia coli
SB279408326	Escherichia coli
SB2710446081	Escherichia coli
SB278790373	Escherichia coli
SB278790788	Escherichia coli
SB279407342	Escherichia coli
SB278791660	Escherichia coli
SB278791759	Escherichia coli
SB278791644	Escherichia coli
SB2710196314	Escherichia coli
SB2710441380	Escherichia coli
SB2710441842	Escherichia coli
SB2711673123	Escherichia coli
SB278791608	Escherichia coli
SB2710446047	Escherichia coli
SB2711673133	Escherichia coli
SB2710442164	Escherichia coli
SB2711673128	Escherichia coli
SB2710445921	Escherichia coli
SB279407283	Escherichia coli
SB2710445679	Escherichia coli
SB278344817	Escherichia coli
SB2710442591	Escherichia coli
SB279408108	Escherichia coli
SB279408808	Escherichia coli
SB2710441968	Escherichia coli
SRR7031338	Escherichia coli
SB2711673815	Escherichia coli
SB277889349	Escherichia coli
SB2710445709	Escherichia coli
SB2710441337	Escherichia coli
SB277889363	Escherichia coli
SB2710445689	Escherichia coli
SB2710442200	Escherichia coli
SB278791682	Escherichia coli
SB2710441946	Escherichia coli
SB279406399	Escherichia coli
SB2711672571	Escherichia coli
SB2710196326	Escherichia coli
SB2711673584	Escherichia coli
SB278791036	Escherichia coli
SB279406387	Escherichia coli
SB2711673573	Escherichia coli
SB278790881	Escherichia coli
SB2710445861	Escherichia coli
SB2710445167	Escherichia coli
SB2711673147	Escherichia coli
SB2711673680	Escherichia coli
SB2711673965	Escherichia coli
SB2710445854	Escherichia coli
SB278790718	Escherichia coli
SB279406890	Escherichia coli
SB279407071	Escherichia coli
SB2710442373	Escherichia coli
SB279406955	Escherichia coli
SB2710441828	Escherichia coli
SB279406694	Escherichia coli
SB278790234	Escherichia coli
SB279406401	Escherichia coli
SB279408348	Escherichia coli
SB2711673575	Escherichia coli
SB279407049	Escherichia coli
SB278344490	Escherichia coli
SB279407407	Escherichia coli
SRR11473284	Escherichia coli
SB2711674224	Escherichia coli
SB2711673587	Escherichia coli
SB2711673831	Escherichia coli
SB279406413	Escherichia coli
SB279408083	Escherichia coli
SB277889556	Escherichia coli
SB278790659	Escherichia coli
SB2710445845	Escherichia coli
SB2710196345	Escherichia coli
SB279408212	Escherichia coli
SB2710445136	Escherichia coli
SB278790652	Escherichia coli
SB279407141	Escherichia coli
SB279408590	Escherichia coli
SB279408589	Escherichia coli
SB2710442109	Escherichia coli
SB279408942	Escherichia coli
SB2711673477	Escherichia coli
SB2710441922	Escherichia coli
SB279406900	Escherichia coli
SB2710196098	Escherichia coli
SB279408316	Escherichia coli
SB279407457	Escherichia coli
SB2710442465	Escherichia coli
SB2711672841	Escherichia coli
SB2711673967	Escherichia coli
SB2710445879	Escherichia coli
SB2710441963	Escherichia coli
SB277889515	Escherichia coli
SB278790328	Escherichia coli
SB2710445453	Escherichia coli
SB278790599	Escherichia coli
SB2711673451	Escherichia coli
SB2711673211	Escherichia coli
SB2710445460	Escherichia coli
SB278791472	Escherichia coli
SB278790280	Escherichia coli
SB279408806	Escherichia coli
SB278790685	Escherichia coli
SB279408507	Escherichia coli
SB278790441	Escherichia coli
SB2710445695	Escherichia coli
SB278790372	Escherichia coli
SB278790938	Escherichia coli
SB278790324	Escherichia coli
SB279406854	Escherichia coli
SB279407306	Escherichia coli
SB279406415	Escherichia coli
SB2710196341	Escherichia coli
SB279406546	Escherichia coli
SB2711673833	Escherichia coli
SB2710442072	Escherichia coli
SB2711672763	Escherichia coli
SB2711672765	Escherichia coli
SB279407828	Escherichia coli
SB2710442103	Escherichia coli
SB279406947	Escherichia coli
SB2710196282	Escherichia coli
SB278790303	Escherichia coli
SB2711673905	Escherichia coli
SB2710445718	Escherichia coli
SB2710196277	Escherichia coli
SB278791645	Escherichia coli
SB2711672795	Escherichia coli
SB2710441918	Escherichia coli
SB2710446032	Escherichia coli
SB2710445896	Escherichia coli
SB278791192	Escherichia coli
SB2710196289	Escherichia coli
SB279406398	Escherichia coli
SRR7230319	Escherichia coli
SB2710442223	Escherichia coli
SB278790316	Escherichia coli
SB277889665	Escherichia coli
SB279406725	Escherichia coli
SB278790637	Escherichia coli
SB278791706	Escherichia coli
SB2711673599	Escherichia coli
SB2710445678	Escherichia coli
SB278790548	Escherichia coli
SRR6051890	Escherichia coli
SB2710196323	Escherichia coli
SB2711673625	Escherichia coli
SB279407804	Escherichia coli
SB2711673484	Escherichia coli
SB278344959	Escherichia coli
SB2710445202	Escherichia coli
SB2710445774	Escherichia coli
SB278790353	Escherichia coli
SB279408099	Escherichia coli
SB279407427	Escherichia coli
SB2711673132	Escherichia coli
SB278344670	Escherichia coli
SB2710446124	Escherichia coli
SB278791482	Escherichia coli
SB2711672768	Escherichia coli
SB278790601	Escherichia coli
SB2711673567	Escherichia coli
SB2710446114	Escherichia coli
SB279407164	Escherichia coli
SB278791679	Escherichia coli
SB277889653	Escherichia coli
SB2710442037	Escherichia coli
SB279407978	Escherichia coli
SB278344622	Escherichia coli
SB2710441827	Escherichia coli
SB278790335	Escherichia coli
SB279407247	Escherichia coli
SB2710441379	Escherichia coli
SB278344774	Escherichia coli
SB2711673156	Escherichia coli
SB279407366	Escherichia coli
SB279407006	Escherichia coli
SB279407750	Escherichia coli
SB2711673171	Escherichia coli
SB278791667	Escherichia coli
SB279406846	Escherichia coli
SB2711673714	Escherichia coli
SB2711673683	Escherichia coli
SB279406712	Escherichia coli
SB279406402	Escherichia coli
SB279407075	Escherichia coli
SB278790507	Escherichia coli
SB279408290	Escherichia coli
SB2710441768	Escherichia coli
SB278790701	Escherichia coli
SB2711673668	Escherichia coli
SB2711672602	Escherichia coli
SB279407286	Escherichia coli
SB2710445776	Escherichia coli
SB2711673640	Escherichia coli
SB2710441435	Escherichia coli
SB279408552	Escherichia coli
SB2710445119	Escherichia coli
SB279408568	Escherichia coli
SB2710196077	Escherichia coli
SB279407126	Escherichia coli
SB278790912	Escherichia coli
SB2711673281	Escherichia coli
SB278790667	Escherichia coli
SB278790687	Escherichia coli
SRR14138356	Escherichia coli
SB278791518	Escherichia coli
SB278344795	Escherichia coli
SB2711673537	Escherichia coli
SB2711673382	Escherichia coli
SB2711673192	Escherichia coli
SB2711674230	Escherichia coli
SB278791820	Escherichia coli
SB278344824	Escherichia coli
SB2710445706	Escherichia coli
SB279408839	Escherichia coli
SB2711674211	Escherichia coli
SB2710196313	Escherichia coli
SB2710196142	Escherichia coli
SB279408578	Escherichia coli
SB2710441949	Escherichia coli
SB278790346	Escherichia coli
SB278344664	Escherichia coli
SB2710196325	Escherichia coli
SB2710196353	Escherichia coli
SB2710445080	Escherichia coli
SB279408126	Escherichia coli
SB278790338	Escherichia coli
SB279407386	Escherichia coli
SB279407353	Escherichia coli
SB278790843	Escherichia coli
SB278790339	Escherichia coli
SB2710441870	Escherichia coli
SB279408825	Escherichia coli
SB2710196283	Escherichia coli
SB2711674217	Escherichia coli
SB279408902	Escherichia coli
SB279408527	Escherichia coli
SB2710441872	Escherichia coli
SB279407913	Escherichia coli
SB2710441412	Escherichia coli
SB2710442462	Escherichia coli
SB2710445047	Escherichia coli
SB2710446132	Escherichia coli
SB2710445061	Escherichia coli
SB278791542	Escherichia coli
SB278790874	Escherichia coli
SB2710442618	Escherichia coli
SB2710445769	Escherichia coli
SB2710441853	Escherichia coli
SB2710446083	Escherichia coli
SB2710441388	Escherichia coli
SB279407269	Escherichia coli
SB2711672772	Escherichia coli
SB2711673112	Escherichia coli
SB2710441822	Escherichia coli
SB2710442159	Escherichia coli
SB2710445097	Escherichia coli
SB279407324	Escherichia coli
SB2710446009	Escherichia coli
SB2710445295	Escherichia coli
SB2711674200	Escherichia coli
SB278790773	Escherichia coli
SB278790897	Escherichia coli
SB278790497	Escherichia coli
SB2710445994	Escherichia coli
SB2710443039	Escherichia coli
SB2710441971	Escherichia coli
SB2711672819	Escherichia coli
SB278790796	Escherichia coli
SB2711672592	Escherichia coli
SB2710445686	Escherichia coli
SB279406679	Escherichia coli
SB278791643	Escherichia coli
SB279406706	Escherichia coli
SB279408270	Escherichia coli
SB279407998	Escherichia coli
SB279407176	Escherichia coli
SB2711673859	Escherichia coli
SB2711672554	Escherichia coli
SB279406458	Escherichia coli
SRR7724585	Escherichia coli
SB279406800	Escherichia coli
SB2711673561	Escherichia coli
SB279406728	Escherichia coli
SB2711673838	Escherichia coli
SB278790766	Escherichia coli
SB279407420	Escherichia coli
SB279408455	Escherichia coli
SB279408842	Escherichia coli
SB2711673380	Escherichia coli
SB278790480	Escherichia coli
SB278344714	Escherichia coli
SB2711673906	Escherichia coli
SB278790606	Escherichia coli
SB279408692	Escherichia coli
SB2710442630	Escherichia coli
SB2710441498	Escherichia coli
SB279407388	Escherichia coli
SB2710446131	Escherichia coli
SB2710445853	Escherichia coli
SB279408301	Escherichia coli
SB279408474	Escherichia coli
SB279406908	Escherichia coli
SB278344515	Escherichia coli
SB278791552	Escherichia coli
SB279407288	Escherichia coli
SB278790299	Escherichia coli
SB2711673844	Escherichia coli
SB2710196284	Escherichia coli
SB277889753	Escherichia coli
SB2711674151	Escherichia coli
SB2710445458	Escherichia coli
SB2711672803	Escherichia coli
SB2710441859	Escherichia coli
SB278791815	Escherichia coli
SB2710441336	Escherichia coli
SB279406784	Escherichia coli
SB279407325	Escherichia coli
SB2711673658	Escherichia coli
SB2711673151	Escherichia coli
SB2710441855	Escherichia coli
SB2710441943	Escherichia coli
SB2710441874	Escherichia coli
SB279408327	Escherichia coli
SB279408336	Escherichia coli
SB279406754	Escherichia coli
SB277889462	Escherichia coli
SB278790857	Escherichia coli
SB2710441477	Escherichia coli
SRR14138342	Escherichia coli
SB278791562	Escherichia coli
SB2711674221	Escherichia coli
SB2711673361	Escherichia coli
SB278344642	Escherichia coli
SB2711673841	Escherichia coli
SB2710445823	Escherichia coli
SB2710442992	Escherichia coli
SB278791714	Escherichia coli
SB279407901	Escherichia coli
SB2710196329	Escherichia coli
SB2710196331	Escherichia coli
SB2710441816	Escherichia coli
SB278344757	Escherichia coli
SB2711673121	Escherichia coli
SB279408586	Escherichia coli
SB277890189	Escherichia coli
SB2710445265	Escherichia coli
SB2711672576	Escherichia coli
SB279406720	Escherichia coli
SB2710441454	Escherichia coli
SB2711672594	Escherichia coli
SB278791610	Escherichia coli
SB2710441396	Escherichia coli
SB279407218	Escherichia coli
SB278790332	Escherichia coli
SRR14138285	Escherichia coli
SB278790268	Escherichia coli
SB279407278	Escherichia coli
SB2711674215	Escherichia coli
SB277890187	Escherichia coli
SB2710445000	Escherichia coli
SB2711673642	Escherichia coli
SB2710196274	Escherichia coli
SB279408841	Escherichia coli
SB2710196300	Escherichia coli
SB2710442112	Escherichia coli
SRR14138288	Escherichia coli
SB279406707	Escherichia coli
SB2710442976	Escherichia coli
SRR13131701	Escherichia coli
SB2711674232	Escherichia coli
SB2711674110	Escherichia coli
SB279407751	Escherichia coli
SB279407850	Escherichia coli
SB2710445888	Escherichia coli
SB2710441814	Escherichia coli
SB279406729	Escherichia coli
SB2710196344	Escherichia coli
SB2710441856	Escherichia coli
SRR14138307	Escherichia coli
SB279406739	Escherichia coli
SB278790433	Escherichia coli
SB2710196330	Escherichia coli
SB279406483	Escherichia coli
SB2710196244	Escherichia coli
SB279408195	Escherichia coli
SB279407446	Escherichia coli
SB279408464	Escherichia coli
SB2710196150	Escherichia coli
SB278791422	Escherichia coli
SB279407356	Escherichia coli
SB278790708	Escherichia coli
SB2710442312	Escherichia coli
SB278790626	Escherichia coli
SB278790632	Escherichia coli
SB2710196134	Escherichia coli
SB2711673861	Escherichia coli
SRR14138314	Escherichia coli
SB278791786	Escherichia coli
SB279408710	Escherichia coli
SB279407822	Escherichia coli
SB2710446024	Escherichia coli
SB279406841	Escherichia coli
SB279408700	Escherichia coli
SB279408566	Escherichia coli
SB2711673900	Escherichia coli
SB2711672595	Escherichia coli
SB2710196285	Escherichia coli
SB279407454	Escherichia coli
SB278790327	Escherichia coli
SB2711672749	Escherichia coli
SB2710446111	Escherichia coli
SB2711672760	Escherichia coli
SB279408273	Escherichia coli
SB278790214	Escherichia coli
SB277889390	Escherichia coli
SB279408278	Escherichia coli
SB2710446015	Escherichia coli
SB279407838	Escherichia coli
SB279406832	Escherichia coli
SB279408550	Escherichia coli
SB279407868	Escherichia coli
SB278791183	Escherichia coli
SB277889335	Escherichia coli
SB279407464	Escherichia coli
SB279408454	Escherichia coli
SB2710442052	Escherichia coli
SB279408121	Escherichia coli
SB2710196132	Escherichia coli
SB279407344	Escherichia coli
SB2711674227	Escherichia coli
SB2710196129	Escherichia coli
SB279406809	Escherichia coli
SB2710441390	Escherichia coli
SB278791663	Escherichia coli
SB278790238	Escherichia coli
SB278344578	Escherichia coli
SB2710446050	Escherichia coli
SB2710441444	Escherichia coli
SB278791662	Escherichia coli
SB2710441399	Escherichia coli
SB2710441437	Escherichia coli
SB2711674219	Escherichia coli
SB278790442	Escherichia coli
SB278344778	Escherichia coli
SB2710196304	Escherichia coli
SB279406804	Escherichia coli
SB279406553	Escherichia coli
SB2710442949	Escherichia coli
SB2711674074	Escherichia coli
SB2711673924	Escherichia coli
SB2710442668	Escherichia coli
SB2710442409	Escherichia coli
SB2710445060	Escherichia coli
SB279406982	Escherichia coli
SB2711673585	Escherichia coli
SB2711673903	Escherichia coli
SB278791783	Escherichia coli
SB278344691	Escherichia coli
SB2710442318	Escherichia coli
SB2710445563	Escherichia coli
SB2710445337	Escherichia coli
SB2711672745	Escherichia coli
SB2710442249	Escherichia coli
SB2710445890	Escherichia coli
SB278344635	Escherichia coli
SB279408573	Escherichia coli
SB2710441852	Escherichia coli
SB278790220	Escherichia coli
SB279408543	Escherichia coli
SB2711673148	Escherichia coli
SB2710196286	Escherichia coli
SB2711673574	Escherichia coli
SB2710441861	Escherichia coli
SB279406997	Escherichia coli
SB278791516	Escherichia coli
SB2710446093	Escherichia coli
SB279408461	Escherichia coli
SB278790854	Escherichia coli
SB278790389	Escherichia coli
SB2711673979	Escherichia coli
SB2711673655	Escherichia coli
SB278791563	Escherichia coli
SB2710446118	Escherichia coli
SB2710441914	Escherichia coli
SB279407090	Escherichia coli
SB2711673386	Escherichia coli
SB2710441864	Escherichia coli
SB2710441420	Escherichia coli
SB279408551	Escherichia coli
SB2710445582	Escherichia coli
SB279408471	Escherichia coli
SB279408491	Escherichia coli
SB279407823	Escherichia coli
SB278790586	Escherichia coli
SB278790736	Escherichia coli
SB2710441932	Escherichia coli
SB279406539	Escherichia coli
SB279406937	Escherichia coli
SB279408886	Escherichia coli
SB2711674072	Escherichia coli
SB277889367	Escherichia coli
SB2710442215	Escherichia coli
SB2710441571	Escherichia coli
SB2711673672	Escherichia coli
SB2710445576	Escherichia coli
SB2711673638	Escherichia coli
SB278790560	Escherichia coli
SB2711674131	Escherichia coli
SB2710445869	Escherichia coli
SB279406550	Escherichia coli
SB279408148	Escherichia coli
SB2711673913	Escherichia coli
SB2711673961	Escherichia coli
SB278790348	Escherichia coli
SB2711672857	Escherichia coli
SB2710441386	Escherichia coli
SB2711672590	Escherichia coli
SB2710442649	Escherichia coli
SB279406451	Escherichia coli
SB2710196308	Escherichia coli
SB278790315	Escherichia coli
SB2710445158	Escherichia coli
SB278791709	Escherichia coli
SB279407780	Escherichia coli
SB279407423	Escherichia coli
SB2710446129	Escherichia coli
SB2711674228	Escherichia coli
SB2710441406	Escherichia coli
SB2710445990	Escherichia coli
SB2710442980	Escherichia coli
SB279408047	Escherichia coli
SB2711673790	Escherichia coli
SB2710442063	Escherichia coli
SB2711673255	Escherichia coli
SB2711673973	Escherichia coli
SB2710446086	Escherichia coli
SB279406391	Escherichia coli
SB278790661	Escherichia coli
SB2710442123	Escherichia coli
SB2710442970	Escherichia coli
SB279406788	Escherichia coli
SB279408271	Escherichia coli
SB2711673869	Escherichia coli
SB279407861	Escherichia coli
SB2710445856	Escherichia coli
SB279408378	Escherichia coli
SB278791756	Escherichia coli
SB279407448	Escherichia coli
SB279408283	Escherichia coli
SB278790941	Escherichia coli
SB278344836	Escherichia coli
SB2711673626	Escherichia coli
SB2710196318	Escherichia coli
SB2711673140	Escherichia coli
SB278344765	Escherichia coli
SB2711673373	Escherichia coli
SB279406414	Escherichia coli
SB2710445564	Escherichia coli
SB279406442	Escherichia coli
SB2710441433	Escherichia coli
SB2710442878	Escherichia coli
SB278345027	Escherichia coli
SB2710196131	Escherichia coli
SB279408556	Escherichia coli
SB278790281	Escherichia coli
SB2710446070	Escherichia coli
SB278790612	Escherichia coli
SRR8162702	Escherichia coli
SB2710442121	Escherichia coli
SB278790337	Escherichia coli
SB2711673820	Escherichia coli
SB2711673138	Escherichia coli
SB2710441811	Escherichia coli
SB279407128	Escherichia coli
SB2710196259	Escherichia coli
SB2710441868	Escherichia coli
SB279406744	Escherichia coli
SB278790684	Escherichia coli
SB279406437	Escherichia coli
SB278791655	Escherichia coli
SB277889700	Escherichia coli
SB279406783	Escherichia coli
SB2711672776	Escherichia coli
SB279408894	Escherichia coli
SB279408820	Escherichia coli
SB278790925	Escherichia coli
SB278344811	Escherichia coli
SB2711673665	Escherichia coli
SB2710446046	Escherichia coli
SB2711673618	Escherichia coli
SB279406897	Escherichia coli
SB279407338	Escherichia coli
SB2711673854	Escherichia coli
SB279406569	Escherichia coli
SB279406847	Escherichia coli
SB2710445889	Escherichia coli
SB279408466	Escherichia coli
SB2710442268	Escherichia coli
SB2710445263	Escherichia coli
SB2710441873	Escherichia coli
SB2710442190	Escherichia coli
SB278790855	Escherichia coli
SB278791696	Escherichia coli
SB278791454	Escherichia coli
SB278791659	Escherichia coli
SB279406785	Escherichia coli
SB2710442586	Escherichia coli
SB278791628	Escherichia coli
SB2710445565	Escherichia coli
SB2710445711	Escherichia coli
SB2710442257	Escherichia coli
SB2710441613	Escherichia coli
SB279407105	Escherichia coli
SB2710442407	Escherichia coli
SB279407405	Escherichia coli
SB278790533	Escherichia coli
SB278790609	Escherichia coli
SB2711672540	Escherichia coli
SB2711673889	Escherichia coli
SB2710196319	Escherichia coli
SB277889595	Escherichia coli
SB277889552	Escherichia coli
SB2711673834	Escherichia coli
SB278791775	Escherichia coli
SB2711672739	Escherichia coli
SB2710442989	Escherichia coli
SB278790688	Escherichia coli
SB2710442143	Escherichia coli
SB2711673158	Escherichia coli
SB2711673597	Escherichia coli
SB278344560	Escherichia coli
SB2710445941	Escherichia coli
SB2710196299	Escherichia coli
SB279407302	Escherichia coli
SB2710441515	Escherichia coli
SB2710446088	Escherichia coli
SB2710441824	Escherichia coli
SB278791567	Escherichia coli
SB2710442472	Escherichia coli
SB277890132	Escherichia coli
SB2710442872	Escherichia coli
SB278791639	Escherichia coli
SB278344779	Escherichia coli
SB2710441598	Escherichia coli
SB279407872	Escherichia coli
SB2711673660	Escherichia coli
SB2711673136	Escherichia coli
SB279406702	Escherichia coli
SB278344800	Escherichia coli
SB2710441851	Escherichia coli
SB279408005	Escherichia coli
SB278791093	Escherichia coli
SB279407905	Escherichia coli
SB2711672786	Escherichia coli
SB2710445995	Escherichia coli
SB278790669	Escherichia coli
SB279407172	Escherichia coli
SB2710445910	Escherichia coli
SB2710441394	Escherichia coli
SB279406502	Escherichia coli
SB279408802	Escherichia coli
SB2710196111	Escherichia coli
SB278791586	Escherichia coli
SB2710445366	Escherichia coli
SB2710446095	Escherichia coli
SB279406662	Escherichia coli
SB278790656	Escherichia coli
SB278344905	Escherichia coli
SB2710196337	Escherichia coli
SB2710443044	Escherichia coli
SB2710445950	Escherichia coli
SB2710445758	Escherichia coli
SB2711673832	Escherichia coli
SB278344747	Escherichia coli
SB278791727	Escherichia coli
SB2711673580	Escherichia coli
SB2711674162	Escherichia coli
SB279408520	Escherichia coli
SB2710441389	Escherichia coli
SB278344832	Escherichia coli
SB2710446059	Escherichia coli
SB2711672890	Escherichia coli
SB2711673262	Escherichia coli
SB278791635	Escherichia coli
SB2711673596	Escherichia coli
SB2710441432	Escherichia coli
SB2710441923	Escherichia coli
SB278791592	Escherichia coli
SB278790664	Escherichia coli
SB279406403	Escherichia coli
SB279408443	Escherichia coli
SB2710445903	Escherichia coli
SB2710441381	Escherichia coli
SB2710442673	Escherichia coli
SB2710442982	Escherichia coli
SB2710196355	Escherichia coli
SB279406489	Escherichia coli
SB278791483	Escherichia coli
SB278791184	Escherichia coli
SB278790438	Escherichia coli
SB279407477	Escherichia coli
SB278791201	Escherichia coli
SB2711673919	Escherichia coli
SB2710445467	Escherichia coli
SB278790355	Escherichia coli
SB2710445003	Escherichia coli
SB279408694	Escherichia coli
SB279407340	Escherichia coli
SB277889372	Escherichia coli
SB279406789	Escherichia coli
SB2710442263	Escherichia coli
SB2711673267	Escherichia coli
SB279408462	Escherichia coli
SB2710196291	Escherichia coli
SB278791573	Escherichia coli
SB2710441431	Escherichia coli
SB278790342	Escherichia coli
SB2710443057	Escherichia coli
SB2711672879	Escherichia coli
SB2710441939	Escherichia coli
SB2710442609	Escherichia coli
SB2710445997	Escherichia coli
SB279408558	Escherichia coli
SB2710446018	Escherichia coli
SB278791638	Escherichia coli
SB2710196338	Escherichia coli
SB2710442279	Escherichia coli
SB2711672780	Escherichia coli
SB2711672559	Escherichia coli
SB2711674235	Escherichia coli
SB279407807	Escherichia coli
SB2711673548	Escherichia coli
SB278790320	Escherichia coli
SB2710445826	Escherichia coli
SB2710196127	Escherichia coli
SB2710196312	Escherichia coli
SB277889622	Escherichia coli
SRR7187869	Escherichia coli
SB2710442674	Escherichia coli
SB278791111	Escherichia coli
SB278791369	Escherichia coli
SB277889371	Escherichia coli
SB2711673629	Escherichia coli
SB279408499	Escherichia coli
SB2711672899	Escherichia coli
SB2710445599	Escherichia coli
SB278344582	Escherichia coli
SB279406743	Escherichia coli
SB2710445084	Escherichia coli
SB2710445915	Escherichia coli
SB2711672789	Escherichia coli
SB279408082	Escherichia coli
SB279408307	Escherichia coli
SB279406537	Escherichia coli
SB279408799	Escherichia coli
SB2710445070	Escherichia coli
SB279408329	Escherichia coli
SB2711673542	Escherichia coli
SB2710441994	Escherichia coli
SB2710445907	Escherichia coli
SB278790318	Escherichia coli
SB2710446005	Escherichia coli
SB2711673540	Escherichia coli
SB2710442987	Escherichia coli
SB279407043	Escherichia coli
SRR6238131	Escherichia coli
SB277890190	Escherichia coli
SB2711672565	Escherichia coli
SB2711674095	Escherichia coli
SB2710445010	Escherichia coli
SB2710196333	Escherichia coli
SB2710446004	Escherichia coli
SB2710442592	Escherichia coli
SB2710441416	Escherichia coli
SB279406756	Escherichia coli
SB2710441448	Escherichia coli
SB2710442620	Escherichia coli
SB277889782	Escherichia coli
SB2710442395	Escherichia coli
SB2711674190	Escherichia coli
SB2710441849	Escherichia coli
SB2710445943	Escherichia coli
SB2711673810	Escherichia coli
SB2710445783	Escherichia coli
SB2710442672	Escherichia coli
SB2711674041	Escherichia coli
SB2711673190	Escherichia coli
SB279408060	Escherichia coli
SB278791256	Escherichia coli
SB279406825	Escherichia coli
SB279406393	Escherichia coli
SB278344777	Escherichia coli
SB279408826	Escherichia coli
SB2710445911	Escherichia coli
SB279406685	Escherichia coli
SB2711673568	Escherichia coli
SB279406412	Escherichia coli
SB2710445698	Escherichia coli
SB278790488	Escherichia coli
SB278791685	Escherichia coli
SB277890144	Escherichia coli
SB2711672771	Escherichia coli
SB279408338	Escherichia coli
SB2710442234	Escherichia coli
SB279408359	Escherichia coli
SB2710445666	Escherichia coli
SRR7724614	Escherichia coli
SB278791087	Escherichia coli
SB278790852	Escherichia coli
SB279407252	Escherichia coli
SB2711673384	Escherichia coli
SB2710446084	Escherichia coli
SB2710442034	Escherichia coli
SB279407187	Escherichia coli
SB279408472	Escherichia coli
SB278344580	Escherichia coli
SB2710441342	Escherichia coli
SB279408337	Escherichia coli
SB278791808	Escherichia coli
SRR14138357	Escherichia coli
SB2710441410	Escherichia coli
SB2710441834	Escherichia coli
SB278344625	Escherichia coli
SB278344607	Escherichia coli
SB277890167	Escherichia coli
SB2710446098	Escherichia coli
SB2710442478	Escherichia coli
SB278790767	Escherichia coli
SB2710442459	Escherichia coli
SB2710446008	Escherichia coli
SB2711673549	Escherichia coli
SB2710442950	Escherichia coli
SB2710441464	Escherichia coli
SB279407329	Escherichia coli
SB2710441430	Escherichia coli
SB2710446036	Escherichia coli
SB2710442115	Escherichia coli
SB279406959	Escherichia coli
SB2711673740	Escherichia coli
SB2711674166	Escherichia coli
SB2710443054	Escherichia coli
SB278790872	Escherichia coli
SB2710442136	Escherichia coli
SB279407996	Escherichia coli
SB2710442983	Escherichia coli
SB2711673191	Escherichia coli
SB2710441885	Escherichia coli
SB2710196276	Escherichia coli
SB2710442657	Escherichia coli
SB279407364	Escherichia coli
SB2711673685	Escherichia coli
SB2711673601	Escherichia coli
SB2710441979	Escherichia coli
SB2710196171	Escherichia coli
SB278344755	Escherichia coli
SB279406904	Escherichia coli
SB278344484	Escherichia coli
SB2711673821	Escherichia coli
SB2710442278	Escherichia coli
SB2710445723	Escherichia coli
SB2710196092	Escherichia coli
SB2710441356	Escherichia coli
SB2711673159	Escherichia coli
SB2710442476	Escherichia coli
SB2710442482	Escherichia coli
SB279407761	Escherichia coli
SB2711673663	Escherichia coli
SB278344588	Escherichia coli
SB279408352	Escherichia coli
SB278790799	Escherichia coli
SB2711673577	Escherichia coli
SB278791671	Escherichia coli
SB279406400	Escherichia coli
SB279406405	Escherichia coli
SB2710441933	Escherichia coli
SB279408277	Escherichia coli
SB278791750	Escherichia coli
SB279407033	Escherichia coli
SB2711673409	Escherichia coli
SRR11550948	Escherichia coli
SB2710442116	Escherichia coli
SB2710441924	Escherichia coli
SB277889748	Escherichia coli
SB2710196254	Escherichia coli
SB2711673720	Escherichia coli
SB2710445866	Escherichia coli
SB279406752	Escherichia coli
SB2711672813	Escherichia coli
SB278790751	Escherichia coli
SB2711673143	Escherichia coli
SB2710441845	Escherichia coli
SB2710445442	Escherichia coli
SB277889423	Escherichia coli
SB2711673794	Escherichia coli
SB279408440	Escherichia coli
SB279408830	Escherichia coli
SB2710196356	Escherichia coli
SB279406859	Escherichia coli
SB2710445504	Escherichia coli
SB2710446065	Escherichia coli
SB2711673886	Escherichia coli
SB2711672903	Escherichia coli
SB278790256	Escherichia coli
SB2710442397	Escherichia coli
SB279406936	Escherichia coli
SB2710441401	Escherichia coli
SB278790706	Escherichia coli
SB278344666	Escherichia coli
SB277889395	Escherichia coli
SB2710446077	Escherichia coli
SB2710445945	Escherichia coli
SB2711672861	Escherichia coli
SB2710441821	Escherichia coli
SB279406766	Escherichia coli
SB2711674076	Escherichia coli
SB2710445851	Escherichia coli
SB2710442653	Escherichia coli
SB278790321	Escherichia coli
SB2710442652	Escherichia coli
SB279408745	Escherichia coli
SB278344511	Escherichia coli
SB279406840	Escherichia coli
SB278790623	Escherichia coli
SB2710446119	Escherichia coli
SB2710445319	Escherichia coli
SB278790885	Escherichia coli
SB277889496	Escherichia coli
SB279408536	Escherichia coli
SB2710445553	Escherichia coli
SB279408321	Escherichia coli
SB279408111	Escherichia coli
SB278791676	Escherichia coli
SB279407092	Escherichia coli
SB278790580	Escherichia coli
SB2711674234	Escherichia coli
SB2710441425	Escherichia coli
SB2710445947	Escherichia coli
SB2710442177	Escherichia coli
SB279406684	Escherichia coli
SB2711674261	Escherichia coli
SB2710442639	Escherichia coli
SB279406925	Escherichia coli
SB278790945	Escherichia coli
SB2711673594	Escherichia coli
SB278790650	Escherichia coli
SB2710445623	Escherichia coli
SB278344644	Escherichia coli
SB278790244	Escherichia coli
SB2710445707	Escherichia coli
SB2710445902	Escherichia coli
SB2710445780	Escherichia coli
SB278791616	Escherichia coli
SB279407842	Escherichia coli
SB279408515	Escherichia coli
SB278344668	Escherichia coli
SB2710196279	Escherichia coli
SB279406968	Escherichia coli
SB279407382	Escherichia coli
SB2711672756	Escherichia coli
SB278790937	Escherichia coli
SB279408883	Escherichia coli
SRR11550962	Escherichia coli
SB279408502	Escherichia coli
SB278790653	Escherichia coli
SRR11550941	Escherichia coli
SB279406812	Escherichia coli
SB278344780	Escherichia coli
SB2710445367	Escherichia coli
SB2710441973	Escherichia coli
SB279406996	Escherichia coli
SB277889758	Escherichia coli
SB279406698	Escherichia coli
SB2711673656	Escherichia coli
SB279408065	Escherichia coli
SB2711673169	Escherichia coli
SB2710442335	Escherichia coli
SB2710441846	Escherichia coli
SB279407853	Escherichia coli
SB279408931	Escherichia coli
SB2710441990	Escherichia coli
SB278790677	Escherichia coli
SB279408584	Escherichia coli
SB278791788	Escherichia coli
SB2710445761	Escherichia coli
SB2710441817	Escherichia coli
SB2710441961	Escherichia coli
SB2710443022	Escherichia coli
SB277889380	Escherichia coli
SB279406852	Escherichia coli
SB279407883	Escherichia coli
SB278791250	Escherichia coli
SB2710441492	Escherichia coli
SB278790914	Escherichia coli
SB2710196335	Escherichia coli
SB279406905	Escherichia coli
SB277889767	Escherichia coli
SB279407100	Escherichia coli
SB2710196079	Escherichia coli
SB278790880	Escherichia coli
SB278790221	Escherichia coli
SB278790611	Escherichia coli
SB2710441512	Escherichia coli
SB2710445580	Escherichia coli
SB2710446116	Escherichia coli
SB279408795	Escherichia coli
SB2710442900	Escherichia coli
SB2711673541	Escherichia coli
SB278790496	Escherichia coli
SB2710446103	Escherichia coli
SB279407478	Escherichia coli
SB278791497	Escherichia coli
SB2710445904	Escherichia coli
SB2711673514	Escherichia coli
SB2710441470	Escherichia coli
SB279408741	Escherichia coli
SB279407946	Escherichia coli
SB2710443019	Escherichia coli
SB2710442599	Escherichia coli
SB278791842	Escherichia coli
SB279406831	Escherichia coli
SB278791668	Escherichia coli
SRR11550955	Escherichia coli
SB279406715	Escherichia coli
SB278344867	Escherichia coli
SB2711672785	Escherichia coli
SB2710445685	Escherichia coli
SB2710441886	Escherichia coli
SB279408500	Escherichia coli
SB279406858	Escherichia coli
SB279406849	Escherichia coli
SB279407641	Escherichia coli
SB2710196339	Escherichia coli
SB279407086	Escherichia coli
SB2711672790	Escherichia coli
SB2710446033	Escherichia coli
SB279408457	Escherichia coli
SB2710445972	Escherichia coli
SB2710442643	Escherichia coli
SB2710445785	Escherichia coli
SB278790364	Escherichia coli
SB278790597	Escherichia coli
SB2710445205	Escherichia coli
SB279406826	Escherichia coli
SB2711672811	Escherichia coli
SB278791647	Escherichia coli
SB279408127	Escherichia coli
SB279406864	Escherichia coli
SB279406943	Escherichia coli
SB278791836	Escherichia coli
SB2710442138	Escherichia coli
SB2710196316	Escherichia coli
SB278790266	Escherichia coli
SB2710445445	Escherichia coli
SB278344781	Escherichia coli
SB2710441974	Escherichia coli
SB2710442250	Escherichia coli
SB2711673610	Escherichia coli
SB278344611	Escherichia coli
SRR11550958	Escherichia coli
SB2710196334	Escherichia coli
SB279407003	Escherichia coli
SB2711673840	Escherichia coli
SB278790786	Escherichia coli
SB2710445287	Escherichia coli
SB2711672784	Escherichia coli
SB279407132	Escherichia coli
SB278790825	Escherichia coli
SB278790686	Escherichia coli
SB279406740	Escherichia coli
SB2710445998	Escherichia coli
SB278344563	Escherichia coli
SB278790789	Escherichia coli
SB2710441888	Escherichia coli
SB279408572	Escherichia coli
SB2711674029	Escherichia coli
SB278790666	Escherichia coli
SB279406477	Escherichia coli
SB2710442614	Escherichia coli
SB279408478	Escherichia coli
SB279408360	Escherichia coli
SB2710445784	Escherichia coli
SB2710442661	Escherichia coli
SB2710442991	Escherichia coli
SB2711673674	Escherichia coli
SB2711674233	Escherichia coli
SB2711674094	Escherichia coli
SB2710196351	Escherichia coli
SB278790219	Escherichia coli
SB2711672778	Escherichia coli
SB2711673379	Escherichia coli
SB279407840	Escherichia coli
SB2710441985	Escherichia coli
SB279407995	Escherichia coli
SB277889347	Escherichia coli
SB278790452	Escherichia coli
SRR14138319	Escherichia coli
SB278791202	Escherichia coli
SB279406540	Escherichia coli
SB2710196144	Escherichia coli
SB2711674111	Escherichia coli
SB2710446073	Escherichia coli
SB278790282	Escherichia coli
SB2710446020	Escherichia coli
SB2710441879	Escherichia coli
SB2710441921	Escherichia coli
SB278791821	Escherichia coli
SB2711673681	Escherichia coli
SB278344669	Escherichia coli
SB279406848	Escherichia coli
SB279408705	Escherichia coli
SB2710442966	Escherichia coli
SB279406970	Escherichia coli
SB2710446006	Escherichia coli
SB279406894	Escherichia coli
SB2711673126	Escherichia coli
SB2710442183	Escherichia coli
SRR14138263	Escherichia coli
SB278344562	Escherichia coli
SB278790784	Escherichia coli
SB2711672911	Escherichia coli
SB2710196297	Escherichia coli
SB2710441962	Escherichia coli
SB2710441415	Escherichia coli
SB2710441860	Escherichia coli
SB279407931	Escherichia coli
SB278344572	Escherichia coli
SB2711672582	Escherichia coli
SB278791310	Escherichia coli
SB2710442897	Escherichia coli
SB2710445787	Escherichia coli
SB2711673921	Escherichia coli
SB279407974	Escherichia coli
SRR9016915	Escherichia coli
SRR7286262	Escherichia coli
SB2710445662	Escherichia coli
SB279408452	Escherichia coli
SB279408299	Escherichia coli
SB2710196347	Escherichia coli
SB279408438	Escherichia coli
SB2710196113	Escherichia coli
SB279406939	Escherichia coli
SB2710441843	Escherichia coli
SB2710196280	Escherichia coli
SB2710442418	Escherichia coli
SB278344564	Escherichia coli
SRR6683734	Escherichia coli
SB2711673800	Escherichia coli
SB278790215	Escherichia coli
SB2711673164	Escherichia coli
SB2710196317	Escherichia coli
SB2710445633	Escherichia coli
SB2710445951	Escherichia coli
SB2711673405	Escherichia coli
SB277889573	Escherichia coli
SB2710445681	Escherichia coli
SB2711674218	Escherichia coli
SB278790362	Escherichia coli
SB2710442450	Escherichia coli
SB278790722	Escherichia coli
SB2710442969	Escherichia coli
SB278791206	Escherichia coli
SB2711673897	Escherichia coli
SB278344534	Escherichia coli
SB2711673578	Escherichia coli
SB278790895	Escherichia coli
SB279406885	Escherichia coli
SB279408490	Escherichia coli
SB279407234	Escherichia coli
SB278344640	Escherichia coli
SB2710441836	Escherichia coli
SB2710442613	Escherichia coli
SB2711673369	Escherichia coli
SB2710445979	Escherichia coli
SB2711673935	Escherichia coli
SB2711673621	Escherichia coli
SB279407346	Escherichia coli
SB279407332	Escherichia coli
SB279408915	Escherichia coli
SB2710446117	Escherichia coli
SB278791803	Escherichia coli
SB2710442150	Escherichia coli
SB279406745	Escherichia coli
SB278791623	Escherichia coli
SB2710442096	Escherichia coli
SB279406949	Escherichia coli
SB2711674226	Escherichia coli
SB278790500	Escherichia coli
SB279406730	Escherichia coli
SB2710445953	Escherichia coli
SB279407062	Escherichia coli
SB2711672566	Escherichia coli
SB2710445976	Escherichia coli
SB2710441840	Escherichia coli
SB2711673793	Escherichia coli
SB278790723	Escherichia coli
SB2710445677	Escherichia coli
SB2711672781	Escherichia coli
SB279407127	Escherichia coli
SB278790621	Escherichia coli
SB279406981	Escherichia coli
SB279407933	Escherichia coli
SB2711673688	Escherichia coli
SB2710446058	Escherichia coli
SB2710445625	Escherichia coli
SB2711673824	Escherichia coli
SB2710196327	Escherichia coli
SB278790216	Escherichia coli
SB2710196349	Escherichia coli
SB279406454	Escherichia coli
SB279406690	Escherichia coli
SB278344987	Escherichia coli
SB278790628	Escherichia coli
SB279406455	Escherichia coli
SB2711673786	Escherichia coli
SB278790693	Escherichia coli
SB279406929	Escherichia coli
SB2711673124	Escherichia coli
SB278791614	Escherichia coli
SB279406676	Escherichia coli
SB2711673813	Escherichia coli
SB2710446074	Escherichia coli
SB277889368	Escherichia coli
SB279407876	Escherichia coli
SB279408362	Escherichia coli
SB2711672912	Escherichia coli
SB2710445810	Escherichia coli
SB278790544	Escherichia coli
SB2711673273	Escherichia coli
SB2710446017	Escherichia coli
SB2710196293	Escherichia coli
SB2711674057	Escherichia coli
SB278344604	Escherichia coli
SB278791712	Escherichia coli
SB278344920	Escherichia coli
SB279407959	Escherichia coli
SB2711673559	Escherichia coli
SB279408361	Escherichia coli
SB2710442404	Escherichia coli
SB279406801	Escherichia coli
SRR7369927	Escherichia coli
SB2711674053	Escherichia coli
SB2710196328	Escherichia coli
SB279406407	Escherichia coli
SB278790305	Escherichia coli
SB2710196153	Escherichia coli
SB2710442640	Escherichia coli
SB2711673337	Escherichia coli
SB2710442176	Escherichia coli
SB279407911	Escherichia coli
SB2710445672	Escherichia coli
SB2710442299	Escherichia coli
SB2710445985	Escherichia coli
SB278791100	Escherichia coli
SB2710196346	Escherichia coli
SB2710196260	Escherichia coli
SB278790313	Escherichia coli
SB2711673176	Escherichia coli
SB2710442627	Escherichia coli
SB2710441876	Escherichia coli
SB2711674225	Escherichia coli
SB2710445042	Escherichia coli
SB2711672538	Escherichia coli
SB279406853	Escherichia coli
SB278790879	Escherichia coli
SB2710441880	Escherichia coli
SB2710441413	Escherichia coli
SB2710445797	Escherichia coli
SB2711673925	Escherichia coli
SB278790645	Escherichia coli
SB2710441521	Escherichia coli
SB2711672880	Escherichia coli
SB278790697	Escherichia coli
SB278790877	Escherichia coli
SB2710196275	Escherichia coli
SB279408559	Escherichia coli
SB2711672818	Escherichia coli
SB2711673312	Escherichia coli
SB279406449	Escherichia coli
SB2711674135	Escherichia coli
SB278791431	Escherichia coli
SB2710442882	Escherichia coli
SB2710442611	Escherichia coli
SB278791666	Escherichia coli
SB2710445938	Escherichia coli
SB278344806	Escherichia coli
SB278790312	Escherichia coli
SB2710445660	Escherichia coli
SB2710445352	Escherichia coli
SB2710445444	Escherichia coli
SB278344805	Escherichia coli
SB2710441875	Escherichia coli
SRR7227579	Escherichia coli
SB2710441423	Escherichia coli
SB2711673172	Escherichia coli
SB2711673144	Escherichia coli
SB2710445099	Escherichia coli
SB279407415	Escherichia coli
SB279408721	Escherichia coli
SB279406467	Escherichia coli
SB278791690	Escherichia coli
SB2710441458	Escherichia coli
SB279406838	Escherichia coli
SB2711673801	Escherichia coli
SB2710441858	Escherichia coli
SB2710445143	Escherichia coli
SB2711673912	Escherichia coli
SB2710196292	Escherichia coli
SB2711673528	Escherichia coli
SB278790440	Escherichia coli
SB2710446067	Escherichia coli
SB279406958	Escherichia coli
SB279407085	Escherichia coli
SB2710446031	Escherichia coli
SB2711673910	Escherichia coli
SB279408699	Escherichia coli
SB2710196342	Escherichia coli
SRR13131698	Escherichia coli
SB279408066	Escherichia coli
SB2710441863	Escherichia coli
SB277889659	Escherichia coli
SB279406534	Escherichia coli
SB2710441457	Escherichia coli
SB2710196148	Escherichia coli
SB279408535	Escherichia coli
SRR11534167	Escherichia coli
SB2710445350	Escherichia coli
SB2710445716	Escherichia coli
SB279408298	Escherichia coli
SB279406975	Escherichia coli
SB279406735	Escherichia coli
SB279408063	Escherichia coli
SB279406514	Escherichia coli
SB279408465	Escherichia coli
SB2710445901	Escherichia coli
SB2710196278	Escherichia coli
SB2711673135	Escherichia coli
SB278791626	Escherichia coli
SRR13131705	Escherichia coli
SB2710196089	Escherichia coli
SB2711673766	Escherichia coli
SB278790334	Escherichia coli
SB279407445	Escherichia coli
SB2710442444	Escherichia coli
SB2711673562	Escherichia coli
SB279407580	Escherichia coli
SB2710442243	Escherichia coli
SB279406538	Escherichia coli
SB2711673890	Escherichia coli
SB2710442669	Escherichia coli
SB2710445944	Escherichia coli
SB278790285	Escherichia coli
SB279406430	Escherichia coli
SB2711673544	Escherichia coli
SB2711674119	Escherichia coli
SB279407752	Escherichia coli
SB279408884	Escherichia coli
SB2711672788	Escherichia coli
SB279406767	Escherichia coli
SRR6680601	Escherichia coli
SB279406803	Escherichia coli
SB2710442617	Escherichia coli
SB2710445978	Escherichia coli
SB279408473	Escherichia coli
SB279408139	Escherichia coli
SB2710445865	Escherichia coli
SB2710196288	Escherichia coli
SB279406960	Escherichia coli
SB279407991	Escherichia coli
SB279407144	Escherichia coli
SB278791798	Escherichia coli
SB2711672743	Escherichia coli
SB279406935	Escherichia coli
SB279408368	Escherichia coli
SB279408339	Escherichia coli
SB2710445794	Escherichia coli
SB2710442284	Escherichia coli
SB2710441795	Escherichia coli
SB279406903	Escherichia coli
SB278344706	Escherichia coli
SB279407438	Escherichia coli
SB277889494	Escherichia coli
SB2710445552	Escherichia coli
SB2711674229	Escherichia coli
SB278344620	Escherichia coli
SB2710196096	Escherichia coli
SB2711673545	Escherichia coli
SB2710441993	Escherichia coli
SB279408334	Escherichia coli
SB2711673843	Escherichia coli
SB2710196315	Escherichia coli
SB2710196296	Escherichia coli
SRR13209818	Escherichia coli
SB2710442427	Escherichia coli
SB2710196287	Escherichia coli
SB277889596	Escherichia coli
SB279408297	Escherichia coli
SB279406509	Escherichia coli
SB2710446066	Escherichia coli
SB278790409	Escherichia coli
SB279407298	Escherichia coli
SB277889660	Escherichia coli
SB2710441481	Escherichia coli
SB2711673606	Escherichia coli
SB278790859	Escherichia coli
SB2710441411	Escherichia coli
SB279407028	Escherichia coli
SB2711673122	Escherichia coli
SB2711672807	Escherichia coli
SB278344667	Escherichia coli
SB278791377	Escherichia coli
SB2710445717	Escherichia coli
SB2711673670	Escherichia coli
SB2710446013	Escherichia coli
SB2710445893	Escherichia coli
SB2711673666	Escherichia coli
SB2710446023	Escherichia coli
SB278790625	Escherichia coli
SB278790411	Escherichia coli
SB278344659	Escherichia coli
SB279406888	Escherichia coli
SB279406675	Escherichia coli
SB2710442357	Escherichia coli
SB279407251	Escherichia coli
SB279406822	Escherichia coli
SB278791560	Escherichia coli
SB2711673657	Escherichia coli
SB279407411	Escherichia coli
SB279407355	Escherichia coli
SB2711673686	Escherichia coli
SB279408696	Escherichia coli
SB2710196310	Escherichia coli
SB2711673139	Escherichia coli
SB2710445675	Escherichia coli
SB279408375	Escherichia coli
SB2710442346	Escherichia coli
SB279406899	Escherichia coli
SB2710442587	Escherichia coli
SB2710445297	Escherichia coli
SB279407775	Escherichia coli
SB2711673268	Escherichia coli
SB2711674038	Escherichia coli
SB279407178	Escherichia coli
SB2710442644	Escherichia coli
SB2710442390	Escherichia coli
SB279406572	Escherichia coli
SB278790573	Escherichia coli
SB2710445155	Escherichia coli
SB279407450	Escherichia coli
SB277890106	Escherichia coli
SB2710442903	Escherichia coli
SB2710196101	Escherichia coli
SB279406828	Escherichia coli
SB2710445847	Escherichia coli
SB279407151	Escherichia coli
SB2711673891	Escherichia coli
SB279408358	Escherichia coli
SB278790311	Escherichia coli
SB279408459	Escherichia coli
SB2711674197	Escherichia coli
SB278791555	Escherichia coli
SB279408469	Escherichia coli
SB278790515	Escherichia coli
SB279406709	Escherichia coli
SB2710445867	Escherichia coli
SB2711673581	Escherichia coli
SB278344658	Escherichia coli
SB2711672774	Escherichia coli
SB2710441417	Escherichia coli
SB2711673538	Escherichia coli
SB277889399	Escherichia coli
SB279406452	Escherichia coli
SB279407813	Escherichia coli
SB2710441443	Escherichia coli
SB2710443056	Escherichia coli
SB2711673183	Escherichia coli
SB2711673189	Escherichia coli
SB2710196262	Escherichia coli
SB278790675	Escherichia coli
SB2710442050	Escherichia coli
SB2710445868	Escherichia coli
SB2711674118	Escherichia coli
SB279407990	Escherichia coli
SB2711672769	Escherichia coli
SB277890186	Escherichia coli
SB2710442458	Escherichia coli
SB2711672904	Escherichia coli
SB2710446112	Escherichia coli
SB2710196078	Escherichia coli
SB279407270	Escherichia coli
SB2710441418	Escherichia coli
SB2711673879	Escherichia coli
SB278791657	Escherichia coli
SB277890129	Escherichia coli
SB2710442464	Escherichia coli
SB279408332	Escherichia coli
SB2710441572	Escherichia coli
SB2711673287	Escherichia coli
SB2711673272	Escherichia coli
SB278344834	Escherichia coli
SB2710445948	Escherichia coli
SB278790935	Escherichia coli
SB2710196295	Escherichia coli
SB2710445643	Escherichia coli
SB278344917	Escherichia coli
SB2710441877	Escherichia coli
SB2710445316	Escherichia coli
SB278344782	Escherichia coli
SB2711673173	Escherichia coli
SB278791636	Escherichia coli
SB2710442154	Escherichia coli
SB2710441878	Escherichia coli
SB279408463	Escherichia coli
SB279408712	Escherichia coli
SB278790549	Escherichia coli
SB279406761	Escherichia coli
SB278791406	Escherichia coli
SB279406927	Escherichia coli
SB2710445848	Escherichia coli
SB278790302	Escherichia coli
SB2710196151	Escherichia coli
SB2710441414	Escherichia coli
SB2711673611	Escherichia coli
SB279406868	Escherichia coli
SB2710445952	Escherichia coli
SB2710196263	Escherichia coli
SB278790627	Escherichia coli
SRR12206250	Escherichia coli
SB278790435	Escherichia coli
SB2711674116	Escherichia coli
SB2710441881	Escherichia coli
SB277889539	Escherichia coli
SB279408370	Escherichia coli
SB277889383	Escherichia coli
SB279406815	Escherichia coli
SB277889342	Escherichia coli
SB2710442067	Escherichia coli
SB2710441459	Escherichia coli
SB278344595	Escherichia coli
SB2711673615	Escherichia coli
SB279407116	Escherichia coli
SB279407475	Escherichia coli
SB2710196309	Escherichia coli
SB279406969	Escherichia coli
SB2710445551	Escherichia coli
SB278790762	Escherichia coli
SB2710445048	Escherichia coli
SB279408331	Escherichia coli
SB279407068	Escherichia coli
SB279406979	Escherichia coli
SB278790622	Escherichia coli
SB2710442628	Escherichia coli
SRR14138323	Escherichia coli
SB2710441465	Escherichia coli
SB278790222	Escherichia coli
SB2710441460	Escherichia coli
SB279407276	Escherichia coli
SB277889353	Escherichia coli
SB2711673389	Escherichia coli
SB2710442365	Escherichia coli
SB2711673586	Escherichia coli
SB278791509	Escherichia coli
SB2710445771	Escherichia coli
SB2710441819	Escherichia coli
SB277889567	Escherichia coli
SB2711673142	Escherichia coli
SB278790393	Escherichia coli
SRR11550968	Escherichia coli
SB279408340	Escherichia coli
SB2711673632	Escherichia coli
SB278790530	Escherichia coli
SB278790310	Escherichia coli
SB279407385	Escherichia coli
SB279407327	Escherichia coli
SB278790678	Escherichia coli
SB2710442875	Escherichia coli
SB278790412	Escherichia coli
SB2710445554	Escherichia coli
SB279406547	Escherichia coli
SB279406491	Escherichia coli
SB278791683	Escherichia coli
SB278790719	Escherichia coli
SB279407077	Escherichia coli
SB2711673149	Escherichia coli
SB279407928	Escherichia coli
SB2710445667	Escherichia coli
SB279406773	Escherichia coli
SB2711673414	Escherichia coli
SB279408752	Escherichia coli
SB2711672806	Escherichia coli
SB2710442371	Escherichia coli
SB2710441959	Escherichia coli
SB278791677	Escherichia coli
SB2711673920	Escherichia coli
SB278344631	Escherichia coli
SB278790869	Escherichia coli
SB277890120	Escherichia coli
SRR4786321	Escherichia coli
SB279406930	Escherichia coli
SB2710446087	Escherichia coli
SB2710441347	Escherichia coli
SB2710196106	Escherichia coli
SB2711672761	Escherichia coli
SB2711673700	Escherichia coli
SB279407381	Escherichia coli
SB278790903	Escherichia coli
SB2710442261	Escherichia coli
SB279406731	Escherichia coli
SB278790577	Escherichia coli
SB278344863	Escherichia coli
SB2710196249	Escherichia coli
SB2710441619	Escherichia coli
SB279407748	Escherichia coli
SB279408688	Escherichia coli
SB279408501	Escherichia coli
SB279408976	Escherichia coli
SB279408265	Escherichia coli
SB2710442003	Escherichia coli
SB2710441523	Escherichia coli
SB279408112	Escherichia coli
SB2710441715	Escherichia coli
SB279408849	Escherichia coli
SB279408400	Escherichia coli
SB279408722	Escherichia coli
SB2710442291	Escherichia coli
SB279408204	Escherichia coli
SB2710196267	Escherichia coli
SB279407848	Escherichia coli
SB2710442483	Escherichia coli
SB2710196243	Escherichia coli
SB2710196281	Escherichia coli
SB278791531	Escherichia coli